text,date,category,predictions
rt presstv update death toll irans quake rises earthquake,13_11_2017,injured_or_dead_people,1
rt cafod pray affected earthquake iraq iran,13_11_2017,not_humanitarian,1
rt reutersworld death toll reaches iran earthquake isna news agency,13_11_2017,injured_or_dead_people,1
rt laylaalhussein magnitude earthquake struck northern iraq erbil iraq november iraq,13_11_2017,other_relevant_information,1
video magnitude earthquake jolts iraniraq border area structural damage reported,13_11_2017,other_relevant_information,1
breaking iran earthquake toll rises dead injured says official,13_11_2017,injured_or_dead_people,1
rt rtcom iraniraq border earthquake latest least killed injured,13_11_2017,injured_or_dead_people,1
wsj earthquake near iraniraq border kills,13_11_2017,injured_or_dead_people,1
rt huffpost hundreds dead powerful earthquake hits border iran iraq,13_11_2017,injured_or_dead_people,1
turkey rushes help iraq earthquake victims,13_11_2017,rescue_volunteering_or_donation_effort,1
breaking death toll iraniraq earthquake reportedly climbs,13_11_2017,injured_or_dead_people,1
strong earthquake hits iraq iran killing least worldnews news,13_11_2017,injured_or_dead_people,1
officials raise death count least earthquake rocks northern iraq,13_11_2017,injured_or_dead_people,1
news least people killed iran iraq powerful magnitude earthquake hit region,13_11_2017,injured_or_dead_people,1
think event earthquake occurred iran mon nov cdt,13_11_2017,other_relevant_information,1
iraniraq earthquake people dead devastating quake border region,13_11_2017,injured_or_dead_people,1
rt khaleejtimes earthquake iraniraq border tremors felt uae,13_11_2017,other_relevant_information,1
iraq strong earthquake hits iraqiran border area six killed iran humanitarian newzealand auckland,13_11_2017,injured_or_dead_people,1
wall street journal iraniraq earthquake kills least de,13_11_2017,injured_or_dead_people,1
strong earthquake strikes iraq unitedstates iran,13_11_2017,other_relevant_information,1
heart attack waiting hear back dad najaf iraq earthquake alhamdulillah,13_11_2017,not_humanitarian,1
killed iraniraqi earthquake,13_11_2017,injured_or_dead_people,1
rt ahmadiyyatimes baghdad powerful earthquake iraniraq border kills people please rt,13_11_2017,injured_or_dead_people,1
least people dead iraniraq earthquake iraniraq news,13_11_2017,injured_or_dead_people,1
live deadly earthquake hits iraq amp iran aftermath footage iraqi sulaymaniyah,13_11_2017,infrastructure_and_utility_damage,1
collective hearts heavy sympathy iran earthquake kermanshah sarpolzahab,13_11_2017,other_relevant_information,1
magnitude earthquake hits iraniraq many killed thousands injured,13_11_2017,injured_or_dead_people,1
earthquake magnitude km sulaymaniyah iraq,13_11_2017,other_relevant_information,1
earthquake killed wounded thousands kurdish region iran amp iraq bbcnews,13_11_2017,injured_or_dead_people,1
iraniraq border earthquake death toll tops officials say,13_11_2017,injured_or_dead_people,1
new earthquake e km e kifri iraq temblor sismo usgs alert,13_11_2017,not_humanitarian,1
pakistan condoles iran iraq devastating earthquake,13_11_2017,other_relevant_information,1
rt imranbird earthquake kuwait everyone standing outside,13_11_2017,other_relevant_information,1
heartbreaking earthquake border iran amp iraq rip f earthquake photo rudaw,13_11_2017,other_relevant_information,1
atleast dead thousands injured magnitude earthquake hits northern border region,13_11_2017,injured_or_dead_people,1
earthquake kills least iran government says,13_11_2017,injured_or_dead_people,1
rt akifinam press release mfaturkey regarding earthquake iraq halabja sulaimani,13_11_2017,other_relevant_information,1
rt leesaks iraq iran earthquake major oil fields map damages reported yet oott,13_11_2017,other_relevant_information,1
st turkish earthquake emergency plane landed sulaymaniyah iraq,13_11_2017,rescue_volunteering_or_donation_effort,1
rt rudawenglish material damages captured rudaw englishs managing editor osamagolpy halabja earthquake,13_11_2017,infrastructure_and_utility_damage,1
rt timesofisrael israel rattled magnitude earthquake strikes northeast iraq,13_11_2017,other_relevant_information,1
irans army deployed region help relief forces find trapped earthquake victims iranearthquake,13_11_2017,rescue_volunteering_or_donation_effort,1
commanders irgc irans army visit earthquake areas western iran,13_11_2017,not_humanitarian,1
iraq earthquake caught camera live tv interview video,13_11_2017,other_relevant_information,1
earthquake hits iraq near border iran several killed countries,13_11_2017,injured_or_dead_people,1
remarkable accurate figures loss life iraniraq earthquake,13_11_2017,injured_or_dead_people,1
iraqiran earthquake bhuj haiti deadliest quakes century worldnews,13_11_2017,other_relevant_information,1
rt tomhall breaking giant earthquake hits iraq e sundaymorning,13_11_2017,not_humanitarian,1
rt trutawar photos earthquake kurdistan photos belong kurdistan iran cities villages,13_11_2017,other_relevant_information,1
kyrgyzstanis among victims earthquake iran,13_11_2017,injured_or_dead_people,1
rt presstv dozens rushed hospitals kermanshah strong earthquake hit western iran,13_11_2017,affected_individuals,1
rt presstv pictures aftermath earthquake struck iraniraq border,13_11_2017,other_relevant_information,1
moment deadly earthquake rocked iraq amp iran caught video,13_11_2017,other_relevant_information,1
rt ssilvia shaking middle east also dubai earthquake iran iraq,13_11_2017,other_relevant_information,1
powerful earthquake rocks iraq iran leaving dead,13_11_2017,injured_or_dead_people,1
aftermath earthquake iran iraq photos video breakingnews,13_11_2017,other_relevant_information,1
iran earthquake damage video horror aftermath fears grow iraq deadly quake,13_11_2017,infrastructure_and_utility_damage,1
bahraini citizens iraq safe bahrain iraq earthquake,13_11_2017,other_relevant_information,1
prayer thought families earthquake victims iran kermanshah sarpolzahab,13_11_2017,other_relevant_information,1
azerbaijan offers assistance iran earthquake iranian envoy,13_11_2017,rescue_volunteering_or_donation_effort,1
blood donation lines tehran help earthquake survivors west iran,13_11_2017,rescue_volunteering_or_donation_effort,1
turkey stand earthquake victims northern iraq private message,13_11_2017,affected_individuals,1
putin expressed condolences president iran earthquake russia,13_11_2017,other_relevant_information,1
iraniraq earthquake deadly tremor hits border region bbc news playback unsupport,13_11_2017,other_relevant_information,1
irans president hassanrouhani visit kermanshah efected sunday night earthquake tuesday morning,13_11_2017,other_relevant_information,1
rt aladyinkuwait dos donts earthquake kuwait,13_11_2017,other_relevant_information,1
rt meteorologo urgentflash huge earthquake iraq iran preliminary magnitude,13_11_2017,other_relevant_information,0
breakingnews death toll magnitude earthquake iran iraq border stands kurdistan,13_11_2017,injured_or_dead_people,1
powerful earthquake hits iraniraq devastating pictures,13_11_2017,other_relevant_information,1
tv channel live air iraqiran earthquake bbc news newinvids,13_11_2017,other_relevant_information,1
finally death toll shoots iraniraq earthquake gets media attention,13_11_2017,injured_or_dead_people,1
israelis report feeling iran earthquake local injuries damage,13_11_2017,other_relevant_information,1
chairman ppp bbhuttozardari expressed concern human loss iran earthquake,13_11_2017,injured_or_dead_people,1
richter earthquake iran specially kermanshah province condolences iranian people god help ddff,13_11_2017,other_relevant_information,1
rt voanews deadly earthquake strikes iraniraq border,13_11_2017,other_relevant_information,1
trying find info us troops amp personnel operating inaround iraniraq earthquake region nothing far f,13_11_2017,other_relevant_information,1
algeria iraniraq earthquake happened,13_11_2017,other_relevant_information,1
resettlment people sports fields kermanshah regard earthquake west iran,13_11_2017,other_relevant_information,1
iraniraq border earthquake live updates death toll crosses tisnews click link,13_11_2017,injured_or_dead_people,1
rt thenewyorkblvd earthquake magnitude struck halabjah iraq prayforiraq,13_11_2017,other_relevant_information,1
iran initial reports least dead injured earthquake,13_11_2017,injured_or_dead_people,1
offer sincere condolences iran earthquake destruction condolences prayforiran prayforiran,13_11_2017,other_relevant_information,1
please accept heartfelt sympathy passing dears earthquakekermanshahiran,13_11_2017,other_relevant_information,0
updated people die earthquake iran iraq,13_11_2017,injured_or_dead_people,1
iraniraq border earthquake people died mavelworld,13_11_2017,injured_or_dead_people,1
earthquake iran killed wounded,13_11_2017,injured_or_dead_people,1
donald trump iran earthquake nfl monday briefing chris stanford via nyt,13_11_2017,other_relevant_information,1
pics iran person killed amp injured earthquake yesterday,13_11_2017,injured_or_dead_people,1
follow donald trump iran earthquake nfl monday briefing followforfollow,13_11_2017,other_relevant_information,1
tragedyearthquake iran,13_11_2017,other_relevant_information,1
iraniraq earthquake know,13_11_2017,other_relevant_information,1
photos powerful iraniraq earthquake kills hundreds,13_11_2017,injured_or_dead_people,1
interesting coincidence earthquake took place exactly artificial manmade border iraq iran,13_11_2017,other_relevant_information,1
news via foxnews massive earthquake leaves dead iraqiran,13_11_2017,injured_or_dead_people,1
earthquake iraq iran border live updates death toll injured updates live,13_11_2017,injured_or_dead_people,1
sunday evening earthquake west iran many people lost lives,13_11_2017,injured_or_dead_people,1
queue blooddonation destructive earthquake iran sympathy,13_11_2017,rescue_volunteering_or_donation_effort,1
rt fintribune magnitude earthquake strikes irans kermanshah province,13_11_2017,other_relevant_information,1
magnitude earthquake dkt iraqiran border hope everything fine,13_11_2017,other_relevant_information,1
seismograms yesterdays earthquake iran iraq border bgsseismology,13_11_2017,other_relevant_information,1
earthquake rocks border area iraq iran usnews usrc,13_11_2017,other_relevant_information,1
people tragic ways show sympathy victims iran iraq border earthquake,13_11_2017,not_humanitarian,1
news via foxnews iraniraq earthquake kills hundreds officials say,13_11_2017,injured_or_dead_people,1
pictures earthquake iraniraq border kermanshah shows different damages,13_11_2017,other_relevant_information,1
iran iraq earthquake pictures show devastating damage villages cut landslides locus,13_11_2017,infrastructure_and_utility_damage,1
magnitude earthquake kills hundreds middle east,13_11_2017,injured_or_dead_people,1
iraniraq earthquake kills whole bunch officers say,13_11_2017,injured_or_dead_people,1
rt climaterealists breaking coronal hole update major earthquake hits iraq follow,13_11_2017,other_relevant_information,1
killed powerful quake iraniraq border,13_11_2017,injured_or_dead_people,1
disgusting top comments fox news post iran earthquake killed people,13_11_2017,injured_or_dead_people,1
iraniraq earthquake hundreds killed border region hit worldnews,13_11_2017,injured_or_dead_people,1
rt iran leaders message western iranearthquake iran khamenei,13_11_2017,not_humanitarian,1
real followthewhiterabbit,13_11_2017,not_humanitarian,0
deepest condolence victims earthquake team saverspk iran iraq,13_11_2017,other_relevant_information,1
breaking update iran says earthquake kills injures,13_11_2017,injured_or_dead_people,1
rescue relief efforts underway iran big earthquake iran,13_11_2017,rescue_volunteering_or_donation_effort,1
response last nights earthquakeiraq ochairaq full report,13_11_2017,other_relevant_information,1
latest death toll powerful iraniraq earthquake passes,13_11_2017,injured_or_dead_people,1
devastating earthquake claimed hundreds lives details still emerging,13_11_2017,injured_or_dead_people,1
rt irishtimesvideo video kurdish tv shows destroyed buildings iraq earthquake,13_11_2017,infrastructure_and_utility_damage,1
iran earthquake death toll soars published news paper time,13_11_2017,injured_or_dead_people,1
blessing health injuries patience survivors earthquake iran,13_11_2017,injured_or_dead_people,1
saddest picture earthquake iraniraq rip birthdayboy,13_11_2017,other_relevant_information,1
morning update newsletter trudeau speaks bill earthquake hits iraniraq border,13_11_2017,other_relevant_information,1
rt leilajou iran health minister meeting discuss relief plan earthquake,13_11_2017,other_relevant_information,1
rt krishna earthquake strikes kuwait moment peoples fear,13_11_2017,affected_individuals,1
rt weatherbryan nd large earthquake today iraq morning costa rica,13_11_2017,other_relevant_information,1
rt alialsalim magnitude earthquake hits iraqiran border towns felt throughout gulf far dubai,13_11_2017,other_relevant_information,1
iraniraq earthquake rescuers race survivors,13_11_2017,rescue_volunteering_or_donation_effort,1
ajenglish rescue efforts way iraniraq earthquake death toll rises,13_11_2017,injured_or_dead_people,1
dead thousands injured major quake weather channel iphone app,13_11_2017,injured_or_dead_people,1
iraq humanitarian partners rushing help victims earthquake humanitarian newzealand auckland,13_11_2017,rescue_volunteering_or_donation_effort,1
strong earthquake hits kurdish regions iraq iran leaving hundreds casualties,13_11_2017,injured_or_dead_people,1
video live tv interview shows moment powerful earthquake hit iraq,13_11_2017,other_relevant_information,1
malaysian reported present iran earthquake area wisma putra,13_11_2017,other_relevant_information,1
recent earthquakes iran still shaking nice god watching,13_11_2017,not_humanitarian,1
rt twofortyeightam earthquake,13_11_2017,not_humanitarian,1
thoughts amp prayers brothers amp sisters effected earthquake iraniraq border area earthquakeiraq,13_11_2017,other_relevant_information,1
latest numbers emerging earthquake hit iran amp iraq dead amp injured iran,13_11_2017,injured_or_dead_people,1
video news via cnn moment iraniraq earthquake struck,13_11_2017,other_relevant_information,1
yesterday earthquake shattered country iraq killing injuring almost others prayforiraq,13_11_2017,injured_or_dead_people,1
iran iraq gets hit earthquake boo fucking hoo allah great busy fucking goat,13_11_2017,not_humanitarian,1
rt eblees earthquake hit iraq amp surrounding regions hope everyone safe,13_11_2017,other_relevant_information,1
photo gallery earthquake hits iraq iran,13_11_2017,other_relevant_information,1
please protect suffering especially children today earthquake iranpersia,13_11_2017,not_humanitarian,1
hundreds dead iran earthquake,13_11_2017,injured_or_dead_people,1
die massive earthquake hit kermanshah province iran along iraq border iran,13_11_2017,injured_or_dead_people,1
iraniraq earthquake survivor could see house collapsing video report,13_11_2017,infrastructure_and_utility_damage,1
news iran iraq reel devastating earthquake kills hundreds via usatoday,13_11_2017,injured_or_dead_people,1
powerful earthquake strikes near iraqi city halabja,13_11_2017,other_relevant_information,1
maryamrajavis urgent appeal save victims earthquake iran,13_11_2017,rescue_volunteering_or_donation_effort,1
rt lastquake earthquake possibly felt min ago northern iran felt see,13_11_2017,other_relevant_information,1
rt trutawar earthquake kurdistan iran,13_11_2017,other_relevant_information,1
heart goes iran iraq earthquake pray sarpole zahab kurdistan fff,13_11_2017,not_humanitarian,1
earthquake kurdistan updated toll people killed injured,13_11_2017,injured_or_dead_people,1
deadly quake people dead wounded terrible earthquake rocks,13_11_2017,injured_or_dead_people,1
see moment earthquake struck usnews usrc,13_11_2017,not_humanitarian,1
new activation emsr earthquake iraq copernicus earthquake eucivpro,13_11_2017,not_humanitarian,1
latest update iraqiran earthquake killed wounded,13_11_2017,injured_or_dead_people,1
rt yerevansaeed according earthquake info earthquake hits halabja area kurdistan,13_11_2017,other_relevant_information,1
devastating images iranian cities impacted last nights earthquake iran earthquake,13_11_2017,other_relevant_information,1
video horrible scenes earthquake super store iraq pakistan,13_11_2017,other_relevant_information,1
earthquake kuwait,13_11_2017,other_relevant_information,1
united prayer iran amp iraq deadly earthquake prayforiran prayforiraq,13_11_2017,not_humanitarian,1
iran declares three days mourning quake iraq earthquake,13_11_2017,other_relevant_information,1
official tells news agencies irans death toll powerful earthquake rises,13_11_2017,injured_or_dead_people,1
rt tasnimnewsen iran continues exporting gas iraq despite strong earthquake,13_11_2017,not_humanitarian,1
pakistan extends sympathies loss lives iran iraq earthquake,13_11_2017,other_relevant_information,1
iraq live tv interview interrupted powerful earthquake watch,13_11_2017,other_relevant_information,1
earthquake iran know say wish right words comfort kids people,13_11_2017,other_relevant_information,1
turkey sends aid kurdistan region earthquake victims iraq twitterkurds,13_11_2017,rescue_volunteering_or_donation_effort,1
rt africanviews damaged house iran following sunday earthquake measuring magnitude,13_11_2017,infrastructure_and_utility_damage,1
isesco expresses condolences earthquake iraqiran border region,13_11_2017,other_relevant_information,1
iran hunts survivors following devastating earthquake,13_11_2017,rescue_volunteering_or_donation_effort,1
video force iraniraq earthquake sends items flying shop shelves kuwait,13_11_2017,rescue_volunteering_or_donation_effort,1
todays lbc drive words acid attacks brexit rohinga crisis iraqiran earthquake,13_11_2017,other_relevant_information,1
video footage iraq kurdistan quake struck late sunday,13_11_2017,other_relevant_information,1
new post iraniraq border earthquake deadliest published ourstube,13_11_2017,injured_or_dead_people,1
monday morning iran gave provisional toll deadearthquake,13_11_2017,injured_or_dead_people,1
let know one talking giant earthquake hit iraniraq last night,13_11_2017,other_relevant_information,1
rt cbcnews dozens killed earthquake rocks iraniraq border,13_11_2017,injured_or_dead_people,1
national earthquake information center iraq,13_11_2017,not_humanitarian,1
people need shelter magnitude earthquake hit border iran iraq sendingprayersfd,13_11_2017,affected_individuals,1
algeria social media told story iraniraq earthquake,13_11_2017,other_relevant_information,1
iraniraqdfcfor citizens eethe majority victims greedy men amp earthquake,13_11_2017,other_relevant_information,1
hi hello god order please fix president country emergency help iraq iran earthquake,13_11_2017,not_humanitarian,1
rt borzou magnitude earthquake strikes along iraqiran border km town halabja via usgs,13_11_2017,other_relevant_information,1
buzzfeeddevastating photographs show aftermath deadly earthquake,13_11_2017,other_relevant_information,1
photos show devastation left behind quake near iraniraq border,13_11_2017,other_relevant_information,1
usgs earthquake summary posters halabjah iraq website ualbanygovinfo ualbanylibs,13_11_2017,other_relevant_information,1
rt edrormba israel sends condolences iran iraq catastrophic earthquake,13_11_2017,other_relevant_information,1
images earthquakes aftermath iran break heart via anupkaphle,13_11_2017,other_relevant_information,1
earthquake km halabjah iraq sulaymnyah usgs geology,13_11_2017,not_humanitarian,1
earthquake iran quit others,13_11_2017,other_relevant_information,1
earthquake effect kuwait version tamilansdcab,13_11_2017,other_relevant_information,1
earthquake hits border iran iraq pictures noticias actualidad news,13_11_2017,other_relevant_information,1
photos survivor search continues earthquake decimates iran iraq,13_11_2017,rescue_volunteering_or_donation_effort,1
iran earthquake recorded sep seismometer installed ictjacsic,13_11_2017,other_relevant_information,1
pope offers prayerful solidarity iraniraq earthquake victims,13_11_2017,not_humanitarian,1
scene devastation west iran due recent earthquake,13_11_2017,infrastructure_and_utility_damage,1
grieving lost family member iran earthquake,13_11_2017,other_relevant_information,1
rt pasargadbank condolences due loss last nights earthquake victimsfbfbfb iran,13_11_2017,not_humanitarian,1
latest italy sends aid iran earthquake,13_11_2017,rescue_volunteering_or_donation_effort,1
girl students dormitory ruined terrible earthquake west iran,13_11_2017,affected_individuals,1
thought died following strongest earthquake,13_11_2017,injured_or_dead_people,1
iraniraq temblor earthquake sudden wave death,13_11_2017,injured_or_dead_people,1
iraqiran earthquake reporting day november japan costa rice earthquakes,13_11_2017,other_relevant_information,1
rt pmbreakingnews location massive earthquake iran,13_11_2017,other_relevant_information,1
humanity everyone iran amp iraq earthquake rescue help aid,13_11_2017,not_humanitarian,1
baby born irans deadly earthquake gives hope shocked nation,13_11_2017,other_relevant_information,1
update iraniraq earthquake death toll injured deadliest quake,13_11_2017,injured_or_dead_people,1
local seismograph detected iraniraq earthquake making detector ringing minutes,13_11_2017,not_humanitarian,1
oxfam assist iraq amid recent earthquake country director,13_11_2017,rescue_volunteering_or_donation_effort,1
officials iran iraq aid rushed areas hit deadly magnitude earthquake,13_11_2017,rescue_volunteering_or_donation_effort,1
iraniraq earthquake damages caused last nightamprsquos earthquake sourced enex,13_11_2017,other_relevant_information,1
killed iraniraq quake state media says,13_11_2017,injured_or_dead_people,1
earthquake seems occurred zargos thrust offshoots near iran iraq boundary,13_11_2017,other_relevant_information,1
twitter erupts iraniraq earthquake,13_11_2017,not_humanitarian,1
saw homes collapse survivors tell terrifying moment earthquake hit iran,13_11_2017,affected_individuals,1
big earthquake iran help stand soon,13_11_2017,rescue_volunteering_or_donation_effort,1
one painful picture latest earthquake iran pray people,13_11_2017,other_relevant_information,1
toronto sign dimmed today honour tragic loss life sundays earthquake iraq iran,13_11_2017,not_humanitarian,1
breaking bill gates developing smart city az agenda earthquake hits iran,13_11_2017,not_humanitarian,1
prayers suffering natural disaster iran e iraq e f earthquake,13_11_2017,not_humanitarian,1
donald trump silent deadly iraniraq earthquake hours happened despite,13_11_2017,not_humanitarian,1
israel shaken moved action deadly earthquake iraniraq border,13_11_2017,other_relevant_information,1
help iraniraq border earthquake victims right away,13_11_2017,rescue_volunteering_or_donation_effort,1
iraniraq earthquake social media images show tragic aftermath,13_11_2017,other_relevant_information,1
tune bbc world tv os talking iran earthquake,13_11_2017,not_humanitarian,1
heartbreaking photo day words iraniraqearthquake,13_11_2017,other_relevant_information,1
alex jones massive magnitude earthquake struck,13_11_2017,other_relevant_information,1
donald trump yet address deadly iraniraq earthquake time tweet,13_11_2017,other_relevant_information,1
major earthquake iraniraq border amp help,13_11_2017,other_relevant_information,1
true earthquake reach kuwait soon usgs usgslandcover,13_11_2017,not_humanitarian,1
deacon sad earthquake victims iraq may god,13_11_2017,not_humanitarian,1
iraq relief international assisting earthquakeaffected communities humanitarian newzealand auckland,13_11_2017,not_humanitarian,1
iranearthquake united nation rising help prayforiran,13_11_2017,rescue_volunteering_or_donation_effort,1
iraniraq earthquake live blog,13_11_2017,not_humanitarian,1
statement attributable secgen earthquake iran humanrights un,13_11_2017,not_humanitarian,1
iraniraq earthquake villages vanished,13_11_2017,infrastructure_and_utility_damage,1
iran earthquake sad,13_11_2017,other_relevant_information,1
iran blood donors go allout tehran earthquake casualties,13_11_2017,rescue_volunteering_or_donation_effort,1
massive earthquake killed hundreds iraq iran nbc news newinvids,13_11_2017,injured_or_dead_people,1
devastating blow people iran amp iraq earthquake,13_11_2017,not_humanitarian,1
earthquake near iraq iran borderand rising people die confirmed yeteee,13_11_2017,other_relevant_information,1
irans etemaddaily front page alone kermanshah earthquake,13_11_2017,other_relevant_information,1
iraq war ends earthquake abiodun giwa,13_11_2017,other_relevant_information,1
number dead rises earthquake strikes iran iraq ndtv news,13_11_2017,injured_or_dead_people,1
traveltourismgt massive magnitude earthquake iran kills gt tourism,13_11_2017,other_relevant_information,1
iran nuclear weapon detonation causes catastrophic magnitude earthquake november,13_11_2017,other_relevant_information,1
island resident feels earthquake hit comes aid victims iran pei,13_11_2017,rescue_volunteering_or_donation_effort,1
felt earthquake strikes km w sarpole zahb iran min ago please report,13_11_2017,other_relevant_information,1
iraniraq earthquake nsa leaks apple face id hacked security safety,13_11_2017,other_relevant_information,1
pray kermanshah iran earthquake,13_11_2017,other_relevant_information,1
bbcbreaking bbcworld edge delight tragedy catch moment live iran earthquake sadness,13_11_2017,other_relevant_information,1
massive earthquake strikes iraq star bethlehem rises israel,13_11_2017,other_relevant_information,1
iranquake iraqearthquake daily map reliefweb,13_11_2017,not_humanitarian,1
earthquake sisme irak iran deep condolences may god help gods solidarity,13_11_2017,not_humanitarian,1
click finance politics business iraniraq earthquake kills,13_11_2017,injured_or_dead_people,1
rescue workers continue search rubble following earthquake iran iraq,13_11_2017,rescue_volunteering_or_donation_effort,1
messages solidarity mexico irans earthquake victims seeyouiniran,13_11_2017,not_humanitarian,1
bernie sanders calls trump help iran deadliest earthquake,14_11_2017,other_relevant_information,1
iran earthquake death tll sars mre,14_11_2017,injured_or_dead_people,1
usgsm km e al miqdadiyah iraq earthquake,14_11_2017,not_humanitarian,1
locke middle school seismogram earthquake iraq nov earthquake costa rica nov,14_11_2017,other_relevant_information,1
turkey steps aid iraq earthquake victims fastest largest action among country,14_11_2017,rescue_volunteering_or_donation_effort,1
earthquake detected km wsw sarpole zahab iran,14_11_2017,other_relevant_information,1
iran ends rescue operations toll powerful earthquake reaches,14_11_2017,injured_or_dead_people,1
thinking e irans e iraqs victims earthquake,14_11_2017,injured_or_dead_people,1
faq iran earthquake relief,14_11_2017,other_relevant_information,1
iranians donate blood magnitude earthquake hits western iran november,14_11_2017,rescue_volunteering_or_donation_effort,1
watch killed earthquake magnitude iraq kuwait,14_11_2017,injured_or_dead_people,1
icymi earthquake aftershocks shake iraqiran border,14_11_2017,other_relevant_information,1
china offers aid iran iraq earthquake kills,14_11_2017,rescue_volunteering_or_donation_effort,1
deadly earthquake hits iran iraq nbc nightly news,14_11_2017,other_relevant_information,1
earthquake relief iran iraq difficult task,14_11_2017,other_relevant_information,1
iraniraq earthquake dead injured iranian rescue missions wind,14_11_2017,injured_or_dead_people,1
heartbreaking image kind people earthquake kermanshahiran,14_11_2017,affected_individuals,1
terrifying chill runs spine seeing images earthquakehit iraq god give strength,14_11_2017,affected_individuals,1
iran quake survivors endure second night without shelter see gtgt,14_11_2017,affected_individuals,1
quake leaves trail death destructions iraq earthquake bahrain,14_11_2017,infrastructure_and_utility_damage,1
iraq earthquake middle east rocked magnitude middleeastnews breakingnews news,14_11_2017,other_relevant_information,1
praying earthquake victims amp families iran amp iraq,14_11_2017,not_humanitarian,1
thousands iranians homeless strong iraqiran earthquake phnews,14_11_2017,affected_individuals,1
buildings became coffins rescuers hunt survivors iran earthquake debris,14_11_2017,rescue_volunteering_or_donation_effort,1
earthquake death toll reaches iran battles shelter survivors,14_11_2017,injured_or_dead_people,1
mohadjer parsquake unitue explains iran iraq earthquake bbcpersian,14_11_2017,not_humanitarian,1
iran kermanshah tagh bostan years ago god allow people kermanshah earthquake suffer,14_11_2017,other_relevant_information,1
god save people world natural disasters country iran earthquake kermanshah,14_11_2017,other_relevant_information,1
iran mourning earthquake killed,14_11_2017,injured_or_dead_people,1
iran halts earthquake rescue operations survivors battle hunger cold,14_11_2017,rescue_volunteering_or_donation_effort,1
iran mourns victims sundays magnitude earthquake middleeast,14_11_2017,affected_individuals,1
install wordpress vps click seo blog social media,14_11_2017,not_humanitarian,0
us condoles iran deadly earthquake,14_11_2017,other_relevant_information,1
aftermath earthquake darbandikhan,14_11_2017,other_relevant_information,1
iraq earthquake damage hit castle shirwana archaeological kalar sulaymaniyah,14_11_2017,infrastructure_and_utility_damage,1
earthquake destroys hospital worst hit area iran,14_11_2017,infrastructure_and_utility_damage,1
houses destroyed earthquake iranian kurdistan basnews,14_11_2017,infrastructure_and_utility_damage,1
updating live blog iraniraq earthquake check,14_11_2017,other_relevant_information,1
yall believe enrique oooooonly celebrity spoke earthquake iraniraq,14_11_2017,not_humanitarian,0
iraniraq brder earthquake devastates twn targeted b saddam hussein,14_11_2017,not_humanitarian,1
november strong earthquake iraniraq border killed people,14_11_2017,injured_or_dead_people,1
turkish red crescent cooperates iraqi red crescent order alleviate needs earthquake victims iraq,14_11_2017,rescue_volunteering_or_donation_effort,1
usatoday raw known dead iran earthquake,14_11_2017,injured_or_dead_people,1
iran love everywhere good allah watching higher judge allah earthquake,14_11_2017,not_humanitarian,1
pictures deadly earthquake jolts iran iraq,14_11_2017,other_relevant_information,1
fucking hurts cannot anything people iranearthquake iran earthquake,14_11_2017,not_humanitarian,1
exclusive odynaijaupdate iraniraq earthquake kills least,14_11_2017,injured_or_dead_people,1
new story npr deadly earthquake iran declares national day mourning,14_11_2017,other_relevant_information,1
rt thenewsintl magnitude quake hits iraq without reports major damage,14_11_2017,other_relevant_information,1
two babies born makeshift hospital amid iran earthquake,14_11_2017,other_relevant_information,1
president xi sends condolences earthquake along iraniraq earthquake xijinping,14_11_2017,other_relevant_information,1
action iran government countries help recent earthquake iran kurds,14_11_2017,other_relevant_information,1
statedeptspox house wall earthquake location iraq kirkuk,14_11_2017,infrastructure_and_utility_damage,1
quake kills iranian border region rebuilt war,14_11_2017,injured_or_dead_people,1
president dr kerem kinik darbendixan district iraq suffered earthquake,14_11_2017,other_relevant_information,1
rouhani tours iran earthquake devastation death toll beyond,14_11_2017,injured_or_dead_people,1
iraniraq earthquake caught live tv heres,14_11_2017,not_humanitarian,1
iran survivors struggle aftermath years deadly earthquake,14_11_2017,affected_individuals,1
earthquake hits iran amp iraq sunday november pm local time quran says judgement day,14_11_2017,other_relevant_information,1
people dead iraqiran border town earthquake bodies discovered,14_11_2017,injured_or_dead_people,1
wish help victims earthquake welcome make donation kurdistan iraq iran,14_11_2017,rescue_volunteering_or_donation_effort,1
rescuers search debris tragic iraniraq earthquake,14_11_2017,rescue_volunteering_or_donation_effort,1
heartbreaking fbearthquake iran praying help sadnews humanity,14_11_2017,not_humanitarian,1
earthquake iran outside town sarpole zahab thousands homeless attakenare afpphoto afp,14_11_2017,affected_individuals,1
moms earthquake experience shes kuwait nutshell,14_11_2017,other_relevant_information,1
kermanshah city earthquake near iraq padremedium,14_11_2017,other_relevant_information,1
schools destroyed iranearthquake reconstructed soon,14_11_2017,infrastructure_and_utility_damage,1
rescue workers iran search survivors blocks town people collapsed,14_11_2017,rescue_volunteering_or_donation_effort,1
kianoush rostami auction olympic gold medal help countrys earthquakestricken country iran,14_11_2017,rescue_volunteering_or_donation_effort,1
despair death toll jumps massive iran quake,14_11_2017,injured_or_dead_people,1
olympic champion auction gold medal iran earthquake victims,14_11_2017,not_humanitarian,1
lowquality construction major factor iran earthquake deaths,14_11_2017,other_relevant_information,1
iran pledges swift aid major quake kills,14_11_2017,rescue_volunteering_or_donation_effort,1
almaliki bahrainis iraq affected earthquake,14_11_2017,other_relevant_information,1
earthquake victims iran help goes long way,14_11_2017,affected_individuals,1
iran earthquake survivors plead help breakingnews,14_11_2017,other_relevant_information,1
implications irans latest devastating earthquake humanrights unga,14_11_2017,other_relevant_information,1
iraniraq earthquake rouhani vows action collapsed buildings,14_11_2017,not_humanitarian,1
convert partial rss full rss autoblog seoservice social,14_11_2017,not_humanitarian,0
people died far huge earthquake iran people need prayers,14_11_2017,injured_or_dead_people,1
eerie photo earthquake devastation sarpole zahab iran,14_11_2017,other_relevant_information,1
irans earthquake death toll raised declared emergency,14_11_2017,injured_or_dead_people,1
iran iraq earthquake concern darbandikhan dam,14_11_2017,infrastructure_and_utility_damage,1
foxnews cnn ap iran national television intv donates victims earthquake,14_11_2017,rescue_volunteering_or_donation_effort,1
earthquake northeast iraq november flash update,14_11_2017,other_relevant_information,1
death toll made irans deadliest earthquake decade news world,14_11_2017,injured_or_dead_people,1
sad hear families iran iraq lost many people earthquake f,14_11_2017,injured_or_dead_people,1
buildings investigation launched wake iran earthquake,14_11_2017,other_relevant_information,1
deepest condolences families people killed iran iraq earthquake cyrusbalarak,14_11_2017,not_humanitarian,1
pray iran earthquake earthquakeiran e,14_11_2017,other_relevant_information,1
iran calls earthquake rescue shifts providing aid thousands left homeless,14_11_2017,rescue_volunteering_or_donation_effort,1
top lebanese figures condole iran earthquake iranquake,14_11_2017,not_humanitarian,1
devestating earthquake iran dd people needs help ddd,14_11_2017,rescue_volunteering_or_donation_effort,1
iraniraq earthquake devastates rural region cnn video,14_11_2017,other_relevant_information,1
one restaurant donated falafel sandwiches earthquake victims kermanshah iran,14_11_2017,rescue_volunteering_or_donation_effort,1
hundred earthquake victim families khanaqin city iraq received food support today,14_11_2017,rescue_volunteering_or_donation_effort,1
irans devastating earthquake sparks criticism regimes response,14_11_2017,other_relevant_information,1
earthquake ml eastern iran emsc,14_11_2017,other_relevant_information,1
breaking israeli private message netanyahu offers aid iraq iran red cross earthquake relief,14_11_2017,rescue_volunteering_or_donation_effort,1
world leaders offer condolences iran earthquake survivors,14_11_2017,other_relevant_information,1
iraniraq earthquake president rouhani speaks sarpole zahab sourced enex,14_11_2017,not_humanitarian,1
news summary comments daily chart magnitude earthquake iraniraq border leaves hundreds dead,14_11_2017,injured_or_dead_people,1
checking iraq iran border devastating earthquake sunday osint news,14_11_2017,infrastructure_and_utility_damage,1
netanyahu offered assistance iran earthquake victims via arutzshevaen,14_11_2017,rescue_volunteering_or_donation_effort,1
hundreds killed iraqiran earthquake felt uae dubai mydubai dxb uae,14_11_2017,injured_or_dead_people,1
devastating earthquake iran civilians begging help ciaravinoecon,14_11_2017,affected_individuals,1
earthquake selfie iran,14_11_2017,other_relevant_information,1
devastating earthquake near iraniraq brder left survivrs phsicall,14_11_2017,affected_individuals,1
alive survivors iran earthquake mourn government scrambles help,14_11_2017,affected_individuals,1
beautiful children iran donating pocket money earthquake appeal,15_11_2017,rescue_volunteering_or_donation_effort,1
winnipeggers family near iraniraq earthquake feel helpless death count rises,15_11_2017,not_humanitarian,1
iran probe statebuilt homes destroyed deadly earthquake breakingnews,15_11_2017,infrastructure_and_utility_damage,1
im disappointed happened iran earthquake strong sorrow,15_11_2017,not_humanitarian,1
anger iran earthquake flattens ahmadinejad housing projects,15_11_2017,infrastructure_and_utility_damage,1
rt huffpost olympic weightlifter sell gold medal irans earthquake victims,15_11_2017,rescue_volunteering_or_donation_effort,1
expert josm jump multiple hotosm tasks iraniraq earthquake urisa,15_11_2017,other_relevant_information,1
adventist review online adventist relief personnel mobilize help earthquake victims,15_11_2017,rescue_volunteering_or_donation_effort,1
iraq crashing boulders collapsed homes along town edge effective,15_11_2017,infrastructure_and_utility_damage,1
residents scarred devastating earthquake near iraniraq border statemedia,15_11_2017,affected_individuals,1
irans wrestling team kermanshah help earthquake victims,15_11_2017,rescue_volunteering_or_donation_effort,1
unfinished birthday party irans earthquakehit kermanshah province,15_11_2017,affected_individuals,1
situation update sundays earthquakeiraq ochairaq,15_11_2017,not_humanitarian,1
iraniraq earthquake crustal deformation detected alos data,15_11_2017,other_relevant_information,1
irans earthquake leaves thousands without home middleeast,15_11_2017,affected_individuals,1
iranearthquake divine trial statesmen leader,15_11_2017,not_humanitarian,1
teaching activities iraniraq earthquake kills natalie proulx,15_11_2017,injured_or_dead_people,1
irans deadly earthquake toll rises killed injured kermanshah amp serpolrzehab kurdistan,15_11_2017,injured_or_dead_people,1
israel private message benjamin netanyahu offers aid iran earthquake says humanity greater,15_11_2017,rescue_volunteering_or_donation_effort,1
light mag earthquake western iran wednesday november vulcano vulkaan,15_11_2017,other_relevant_information,1
iran earthquake politicised,15_11_2017,not_humanitarian,1
would like express solidarity iran terrible earthquake original,15_11_2017,not_humanitarian,1
alive recalled thinking alive iran earthquake,15_11_2017,affected_individuals,1
iraq delivers urgent health assistance earthquake trauma patients,15_11_2017,rescue_volunteering_or_donation_effort,1
child rescued today days earthquake western iran,15_11_2017,rescue_volunteering_or_donation_effort,1
iraniraq earthquake israeli offers help victims ampaposturned downampapos,15_11_2017,rescue_volunteering_or_donation_effort,1
rt nytimesworld irans supreme leader called earthquake divine test,15_11_2017,not_humanitarian,1
donating iran earthquake victims please dont forget nappies milk sanitary products,15_11_2017,rescue_volunteering_or_donation_effort,1
photoop rejected hasbarah talking point reinforced,15_11_2017,not_humanitarian,0
way iran governmental official respond earthquake victimes kurds,15_11_2017,other_relevant_information,1
iran earthquake baby taken rubble alive days,15_11_2017,rescue_volunteering_or_donation_effort,1
survivors earthquake iran await badly needed aid days later,15_11_2017,affected_individuals,1
aid convoy holy shrine imam reza earthquake victims iran,15_11_2017,rescue_volunteering_or_donation_effort,1
earthquake hits irans dictators strong,15_11_2017,other_relevant_information,1
israel sending aid earthquake victims iran iraq,15_11_2017,rescue_volunteering_or_donation_effort,1
civilian groups send care packages earthquake victims western iran,15_11_2017,rescue_volunteering_or_donation_effort,1
iran turned israeli aid offer earthquake earthquakeisrael,15_11_2017,not_humanitarian,1
security iran earthquake child pulled dead mothers arms,15_11_2017,rescue_volunteering_or_donation_effort,1
us sanctions impeding relief efforts iraniraq earthquake victims,15_11_2017,not_humanitarian,1
rescue dog brings joy kids western iran earthquake,15_11_2017,rescue_volunteering_or_donation_effort,1
irans oilfield petrochem plants survive strong earthquake report,15_11_2017,other_relevant_information,1
responding irans earthquake least died others injured,15_11_2017,injured_or_dead_people,1
iran criticised earthquake response details,15_11_2017,not_humanitarian,1
irans rohani statebuilt homes collapsed earthquake prove government corruption,15_11_2017,infrastructure_and_utility_damage,1
archaeological treasures iraq found deadly earthquake,15_11_2017,other_relevant_information,1
many children lost parents iran past hrs sad earthquake,15_11_2017,affected_individuals,1
kingmohammedvi morocco offers condolences president republic iran hassanrohani earthquake,15_11_2017,not_humanitarian,1
htp statement iran earthquake,15_11_2017,other_relevant_information,1
aid ask iranian earthquake survivors iran humanrights,15_11_2017,rescue_volunteering_or_donation_effort,1
algeria us sanctions snag donations iran earthquake victims,15_11_2017,rescue_volunteering_or_donation_effort,1
german bankers politicians criticism forum promoting business iran,15_11_2017,not_humanitarian,0
iranian americans help earthquake relief iran,15_11_2017,rescue_volunteering_or_donation_effort,1
scenes landsat ingested hdds event earthquakeirn iran earthquake,16_11_2017,not_humanitarian,1
solidarity victims iraniraq earthquake newprofilepic,16_11_2017,not_humanitarian,1
iran iraq reject israels offer aid earthquake victims,16_11_2017,rescue_volunteering_or_donation_effort,1
tweet scaramucci via twitter iphone,16_11_2017,not_humanitarian,0
iranians outraged shoddy construction earthquake zone,16_11_2017,other_relevant_information,1
iraniraq earthquake seismologists work fill fault map region,16_11_2017,other_relevant_information,1
italy delivers aid iraq earthquake victims,16_11_2017,rescue_volunteering_or_donation_effort,1
solidarity survival sorrow mingle iran earthquake,16_11_2017,other_relevant_information,1
iran families left homeless earthquake huddle around fires warmth sleep tents,16_11_2017,affected_individuals,1
new earthquake leaves casualties iran,16_11_2017,other_relevant_information,1
strong earthquake iran effect yesterdays earthquake azerbaijan,16_11_2017,other_relevant_information,1
city turned rubble still beautiful earthquake iran kermanshah photo someiraz,16_11_2017,other_relevant_information,1
irans mullah regime imposes new measures quell earthquake victims,16_11_2017,affected_individuals,1
iran turning blind eye kurdish victims earthquake basnews,16_11_2017,affected_individuals,1
south koreans stay shelters powerful quake bearday iran usa,16_11_2017,other_relevant_information,1
iran turns offers earthquake aid including archfoe israel,16_11_2017,rescue_volunteering_or_donation_effort,1
foxalgeria criticism us sanctions returns iran earthquake algerie,16_11_2017,other_relevant_information,1
researcher claims predicted iraniraqearthquake planetary alignments,16_11_2017,other_relevant_information,1
earthquake kermanshah irans new genocide religious ethnic minorities,16_11_2017,other_relevant_information,1
weeks quoteoftheweek comes maryamrajavi last weeks tragic earthquake iran freeiran,16_11_2017,other_relevant_information,1
iran factions use earthquake relief effort pursue power struggle,16_11_2017,other_relevant_information,1
copernicusems activated monitor impact earthquake iraq,16_11_2017,other_relevant_information,1
pak top politician expresses sorrow iran killer earthquake,16_11_2017,not_humanitarian,1
private message israel israel offer medical aid victims earthquake,16_11_2017,rescue_volunteering_or_donation_effort,1
huge earthquake could strike today says prophet predicted iraniraq killer quake,16_11_2017,other_relevant_information,1
act alliance alert iraq earthquake reliefweb hng earthquake,16_11_2017,other_relevant_information,1
iraqiran earthquake italianairforce provides aid avgeek aviation,16_11_2017,rescue_volunteering_or_donation_effort,1
iran earthquake survivors sleeping rubble ask help washington post iran,16_11_2017,affected_individuals,1
crowdfunding raise funds irans recent earthquake crowdfunding startup tech,16_11_2017,rescue_volunteering_or_donation_effort,0
us embassy shows reality devastating earthquake hitting iraq iran,16_11_2017,other_relevant_information,1
iran earthquake appeal,16_11_2017,other_relevant_information,1
fundraising irans earthquake victims blocked us treasury,16_11_2017,rescue_volunteering_or_donation_effort,1
man plays piano ruins house city hit earthquake leaving dead iran,16_11_2017,infrastructure_and_utility_damage,1
know iran turning internationa assistance earthquake area read,16_11_2017,not_humanitarian,1
airlifts medical supplies treat wounded iraniraq earthquake,16_11_2017,rescue_volunteering_or_donation_effort,1
sweet moment little kid helps friend get food devastating earthquake,16_11_2017,not_humanitarian,1
iran used haarp technology caused earthquake kurdistan,16_11_2017,not_humanitarian,1
iranian regime tries cover devastating reality earthquake disaster,16_11_2017,other_relevant_information,1
baby rescued rubble hours earthquake iran life must go,16_11_2017,rescue_volunteering_or_donation_effort,1
iran mullahs priority cover dimensions disaster prevent popular protests earthquake areasiran,17_11_2017,not_humanitarian,1
netanyahu says iran rejected israels offer aid devastating earthquake haaretzcom says false,17_11_2017,rescue_volunteering_or_donation_effort,1
iran shock trauma crisis christiannews earthquake,17_11_2017,other_relevant_information,1
people sarabzahab village building shelter destructive earthquake western iran,17_11_2017,infrastructure_and_utility_damage,1
pics recent iran earthquake worth thousand words photo source amp credit unknown,17_11_2017,other_relevant_information,1
iran earthquake damage put bn pounds international paologentiloni,17_11_2017,infrastructure_and_utility_damage,1
week pictures iran earthquake greece floods barcelona kabul,17_11_2017,not_humanitarian,1
iranian little boy takes friend receive food irans earthquake,17_11_2017,rescue_volunteering_or_donation_effort,1
rouhani vs ahmadinejad pictures speak volume iran earthquake,17_11_2017,not_humanitarian,1
iranearthquake tidal wave solidarity iran prayforiran,17_11_2017,other_relevant_information,1
testing atomic really earthquake think iran,17_11_2017,other_relevant_information,1
moments peace lake outside halabja shaken last weeks earthquake,17_11_2017,not_humanitarian,1
irans former president ahmadinejad visits villages struck earthquake kermanshah,17_11_2017,other_relevant_information,1
premium times buhari commiserates iran iraq earthquake afropagesen,17_11_2017,not_humanitarian,1
huge earthquake west iran city many villages collapsed,17_11_2017,infrastructure_and_utility_damage,1
pakistan dispatches relief assistance earthquake affectees iran,17_11_2017,rescue_volunteering_or_donation_effort,1
unsafe building earthquake result west iran,17_11_2017,infrastructure_and_utility_damage,1
reading recent earthquake iran currentevents newsela,17_11_2017,not_humanitarian,1
world red cross netanyahus claim false iran wanted help earthquake victims,17_11_2017,not_humanitarian,1
israel offers aid iran following massive earthquake freedomfamily beshoyboy,17_11_2017,rescue_volunteering_or_donation_effort,1
ancient artifacts saved deadly earthquake hold clues mysteries iraqs past,17_11_2017,not_humanitarian,1
irans regime threat citizens suffering earthquake,17_11_2017,other_relevant_information,1
sanders calls sanctions relief assist iran earthquake recovery,17_11_2017,rescue_volunteering_or_donation_effort,1
treasury issues guidance humanitarian donations iran wake earthquake,17_11_2017,rescue_volunteering_or_donation_effort,1
earthquake qir karzin county fars province iran kamran adl,17_11_2017,other_relevant_information,1
peterharley sufrogfoot planesonthenet intelcrab tukish aid iraqs earthquake,17_11_2017,not_humanitarian,1
iraniraq earthquake sentinel copenricus sentinel data esa snap,18_11_2017,other_relevant_information,1
less hours earthquake hit iraq mobile teams provided lifesaving nilimajumder,18_11_2017,rescue_volunteering_or_donation_effort,1
minago earthquake hit kerman iran km gmt emsc,18_11_2017,other_relevant_information,1
ioc voices readiness help earthquakeaffected people western iran,18_11_2017,rescue_volunteering_or_donation_effort,1
damage proxy maps cities near epicenter kermanshah earthquake iran tokyotechen,18_11_2017,infrastructure_and_utility_damage,1
iran daily us treasury blocks donations earthquake survivors,18_11_2017,rescue_volunteering_or_donation_effort,1
kurdish childrens situation earthquake iran tent house,18_11_2017,affected_individuals,1
irans earthquake exposes political rifts ineffective governance,18_11_2017,other_relevant_information,1
victims last weeks earthquake gather outdoors near fire sarpole zahab iran pouria pakizehepa,18_11_2017,affected_individuals,1
